Event H-ID,Text pointer H-ID,Text pointer RecordTitle
126,28,Train to Pakistan
135,34,Tamas
138,34,Tamas
140,34,Tamas
142,34,Tamas
144,34,Tamas
145,34,Tamas
157,34,Tamas
165,34,Tamas
171,34,Tamas
201,34,Tamas
215,34,Tamas
226,34,Tamas
232,34,Tamas
239,34,Tamas
314,25,Sunlight on a Broken Column
322,25,Sunlight on a Broken Column
328,25,Sunlight on a Broken Column
333,37,Pinjar
335,37,Pinjar
336,37,Pinjar
337,37,Pinjar
339,37,Pinjar
342,37,Pinjar
345,37,Pinjar
346,25,Sunlight on a Broken Column
350,37,Pinjar
357,37,Pinjar
358,37,Pinjar
360,37,Pinjar
361,37,Pinjar
365,37,Pinjar
372,37,Pinjar
385,37,Pinjar
387,37,Pinjar
389,37,Pinjar
390,37,Pinjar
391,37,Pinjar
396,37,Pinjar
398,37,Pinjar
401,37,Pinjar
402,37,Pinjar
403,37,Pinjar
404,25,Sunlight on a Broken Column
407,25,Sunlight on a Broken Column
411,25,Sunlight on a Broken Column
419,25,Sunlight on a Broken Column
420,25,Sunlight on a Broken Column
425,25,Sunlight on a Broken Column
430,25,Sunlight on a Broken Column
437,37,Pinjar
438,37,Pinjar
447,37,Pinjar
449,37,Pinjar
450,37,Pinjar
451,37,Pinjar
457,37,Pinjar
459,37,Pinjar
460,37,Pinjar
463,37,Pinjar
473,25,Sunlight on a Broken Column
479,25,Sunlight on a Broken Column
489,25,Sunlight on a Broken Column
490,25,Sunlight on a Broken Column
499,37,Pinjar
500,37,Pinjar
506,37,Pinjar
511,37,Pinjar
512,37,Pinjar
513,37,Pinjar
517,37,Pinjar
520,37,Pinjar
522,37,Pinjar
523,37,Pinjar
524,37,Pinjar
525,37,Pinjar
526,37,Pinjar
530,37,Pinjar
533,37,Pinjar
535,37,Pinjar
536,37,Pinjar
538,37,Pinjar
539,37,Pinjar
541,37,Pinjar
542,37,Pinjar
544,37,Pinjar
545,37,Pinjar
548,37,Pinjar
549,37,Pinjar
550,37,Pinjar
552,37,Pinjar
554,37,Pinjar
560,37,Pinjar
562,37,Pinjar
563,37,Pinjar
564,37,Pinjar
565,37,Pinjar
611,37,Pinjar
621,37,Pinjar
627,37,Pinjar
631,37,Pinjar
634,37,Pinjar
636,37,Pinjar
637,37,Pinjar
638,37,Pinjar
842,37,Pinjar
843,37,Pinjar
845,34,Tamas
846,37,Pinjar
847,37,Pinjar
848,37,Pinjar
849,37,Pinjar
853,37,Pinjar
855,34,Tamas
857,37,Pinjar
858,34,Tamas
942,25,Sunlight on a Broken Column
944,25,Sunlight on a Broken Column
972,34,Tamas
973,34,Tamas
975,34,Tamas
976,34,Tamas
977,34,Tamas
979,34,Tamas
981,34,Tamas
986,34,Tamas
989,34,Tamas
990,34,Tamas
991,34,Tamas
992,34,Tamas
993,34,Tamas
994,34,Tamas
995,34,Tamas
996,34,Tamas
1021,34,Tamas
1022,34,Tamas
1024,34,Tamas
1028,34,Tamas
1034,34,Tamas
1090,34,Tamas
1091,34,Tamas
1092,34,Tamas
1100,34,Tamas
1102,34,Tamas
1107,34,Tamas
1118,34,Tamas
1121,34,Tamas
1129,34,Tamas
1132,34,Tamas
1135,34,Tamas
1160,25,Sunlight on a Broken Column
1161,25,Sunlight on a Broken Column
1164,25,Sunlight on a Broken Column
1172,25,Sunlight on a Broken Column
1181,34,Tamas
1182,34,Tamas
1214,28,Train to Pakistan
1231,34,Tamas
1249,34,Tamas
1252,34,Tamas
1254,34,Tamas
1261,34,Tamas
1283,34,Tamas
1284,34,Tamas
1287,34,Tamas
1288,34,Tamas
1290,34,Tamas
1291,34,Tamas
1296,34,Tamas
1297,34,Tamas
1302,34,Tamas
1303,34,Tamas
1304,34,Tamas
1305,34,Tamas
1306,28,Train to Pakistan
1308,34,Tamas
1309,28,Train to Pakistan
1310,28,Train to Pakistan
1311,28,Train to Pakistan
1312,28,Train to Pakistan
1314,28,Train to Pakistan
1315,34,Tamas
1317,34,Tamas
1318,34,Tamas
1323,34,Tamas
1325,34,Tamas
1326,28,Train to Pakistan
1328,28,Train to Pakistan
1329,28,Train to Pakistan
1351,28,Train to Pakistan
1357,28,Train to Pakistan
1360,28,Train to Pakistan
1363,28,Train to Pakistan
1364,28,Train to Pakistan
1365,28,Train to Pakistan
1366,28,Train to Pakistan
1369,28,Train to Pakistan
1370,28,Train to Pakistan
1371,28,Train to Pakistan
1373,28,Train to Pakistan
1374,28,Train to Pakistan
1378,28,Train to Pakistan
1382,25,Sunlight on a Broken Column
1385,25,Sunlight on a Broken Column
1387,28,Train to Pakistan
1388,25,Sunlight on a Broken Column
1391,25,Sunlight on a Broken Column
1392,25,Sunlight on a Broken Column
1393,25,Sunlight on a Broken Column
1394,25,Sunlight on a Broken Column
1395,25,Sunlight on a Broken Column
1397,25,Sunlight on a Broken Column
1398,25,Sunlight on a Broken Column
1401,28,Train to Pakistan
1402,25,Sunlight on a Broken Column
1403,25,Sunlight on a Broken Column
1404,28,Train to Pakistan
1405,28,Train to Pakistan
1406,28,Train to Pakistan
1407,25,Sunlight on a Broken Column
1408,28,Train to Pakistan
1409,25,Sunlight on a Broken Column
1410,25,Sunlight on a Broken Column
1413,25,Sunlight on a Broken Column
1414,28,Train to Pakistan
1415,28,Train to Pakistan
1417,28,Train to Pakistan
1420,28,Train to Pakistan
1421,28,Train to Pakistan
1422,28,Train to Pakistan
1423,28,Train to Pakistan
1427,28,Train to Pakistan
1429,28,Train to Pakistan
1430,28,Train to Pakistan
1431,28,Train to Pakistan
1433,28,Train to Pakistan
1435,28,Train to Pakistan
1436,28,Train to Pakistan
1437,28,Train to Pakistan
1438,28,Train to Pakistan
1439,28,Train to Pakistan
1443,28,Train to Pakistan
1444,28,Train to Pakistan
1447,28,Train to Pakistan
1448,28,Train to Pakistan
1449,28,Train to Pakistan
1451,28,Train to Pakistan
1456,28,Train to Pakistan
1458,28,Train to Pakistan
1459,28,Train to Pakistan
1460,28,Train to Pakistan
1461,28,Train to Pakistan
1463,28,Train to Pakistan
1464,28,Train to Pakistan
1465,28,Train to Pakistan
1466,28,Train to Pakistan
1467,28,Train to Pakistan
1469,28,Train to Pakistan
1472,28,Train to Pakistan
1474,28,Train to Pakistan
1477,28,Train to Pakistan
1478,28,Train to Pakistan
1480,28,Train to Pakistan
1484,28,Train to Pakistan
1485,28,Train to Pakistan
1493,28,Train to Pakistan
1502,34,Tamas
1512,28,Train to Pakistan
1515,28,Train to Pakistan
1521,28,Train to Pakistan
1522,28,Train to Pakistan
1523,28,Train to Pakistan
1525,28,Train to Pakistan
1528,28,Train to Pakistan
1532,28,Train to Pakistan
1533,28,Train to Pakistan
1535,28,Train to Pakistan
1537,28,Train to Pakistan
1538,34,Tamas
1539,28,Train to Pakistan
1540,34,Tamas
1544,34,Tamas
1545,34,Tamas
1546,34,Tamas
1547,34,Tamas
1548,28,Train to Pakistan
1549,34,Tamas
1551,28,Train to Pakistan
1552,34,Tamas
1554,28,Train to Pakistan
1555,34,Tamas
1556,28,Train to Pakistan
1558,34,Tamas
1560,34,Tamas
1561,28,Train to Pakistan
1562,34,Tamas
1563,28,Train to Pakistan
1564,34,Tamas
1565,34,Tamas
1566,28,Train to Pakistan
1567,34,Tamas
1569,34,Tamas
1572,28,Train to Pakistan
1573,28,Train to Pakistan
1574,34,Tamas
1575,28,Train to Pakistan
1576,28,Train to Pakistan
1577,28,Train to Pakistan
1578,28,Train to Pakistan
1579,28,Train to Pakistan
1580,28,Train to Pakistan
1581,34,Tamas
1582,28,Train to Pakistan
1583,28,Train to Pakistan
1584,28,Train to Pakistan
1585,28,Train to Pakistan
1596,34,Tamas
1597,34,Tamas
1598,34,Tamas
1599,34,Tamas
1603,34,Tamas
1604,34,Tamas
1608,25,Sunlight on a Broken Column
1609,25,Sunlight on a Broken Column
1625,25,Sunlight on a Broken Column
1630,34,Tamas
1631,25,Sunlight on a Broken Column
1632,34,Tamas
1633,34,Tamas
1634,34,Tamas
1635,34,Tamas
1636,34,Tamas
1651,34,Tamas
1655,34,Tamas
1659,34,Tamas
1660,34,Tamas
1661,34,Tamas
1664,34,Tamas
1665,34,Tamas
1666,34,Tamas
1669,34,Tamas
1670,34,Tamas
1671,34,Tamas
1673,37,Pinjar
1678,37,Pinjar
1680,37,Pinjar
1681,37,Pinjar
1687,37,Pinjar
1690,37,Pinjar
1691,37,Pinjar
1692,37,Pinjar
1693,37,Pinjar
1694,37,Pinjar
1695,37,Pinjar
1696,37,Pinjar
1697,37,Pinjar
1698,37,Pinjar
1699,37,Pinjar
1700,37,Pinjar
1701,37,Pinjar
1702,37,Pinjar
1706,25,Sunlight on a Broken Column
1715,25,Sunlight on a Broken Column
1719,25,Sunlight on a Broken Column
1720,25,Sunlight on a Broken Column
1721,25,Sunlight on a Broken Column
1740,25,Sunlight on a Broken Column
1833,25,Sunlight on a Broken Column
1841,25,Sunlight on a Broken Column
1847,25,Sunlight on a Broken Column
1852,25,Sunlight on a Broken Column
1862,25,Sunlight on a Broken Column
1867,25,Sunlight on a Broken Column
1886,25,Sunlight on a Broken Column
1887,25,Sunlight on a Broken Column
1888,25,Sunlight on a Broken Column
1889,25,Sunlight on a Broken Column
1890,25,Sunlight on a Broken Column
1891,25,Sunlight on a Broken Column
1892,34,Tamas
1893,34,Tamas
1895,34,Tamas
1897,34,Tamas
1899,34,Tamas
1900,34,Tamas
1901,34,Tamas
1903,25,Sunlight on a Broken Column
1904,34,Tamas
1907,34,Tamas
1910,34,Tamas
1912,34,Tamas
1916,25,Sunlight on a Broken Column
1930,25,Sunlight on a Broken Column
1931,25,Sunlight on a Broken Column
1940,34,Tamas
1945,34,Tamas
1947,34,Tamas
1953,37,Pinjar
1954,37,Pinjar
1955,37,Pinjar
1956,37,Pinjar
1957,37,Pinjar
1969,37,Pinjar
1971,25,Sunlight on a Broken Column
1982,37,Pinjar
1986,37,Pinjar
1990,25,Sunlight on a Broken Column
1993,25,Sunlight on a Broken Column
1994,25,Sunlight on a Broken Column
1997,37,Pinjar
1998,25,Sunlight on a Broken Column
1999,25,Sunlight on a Broken Column
2000,25,Sunlight on a Broken Column
2002,25,Sunlight on a Broken Column
2003,25,Sunlight on a Broken Column
2004,25,Sunlight on a Broken Column
2007,25,Sunlight on a Broken Column
2008,37,Pinjar
2009,25,Sunlight on a Broken Column
2010,25,Sunlight on a Broken Column
2011,25,Sunlight on a Broken Column
2012,25,Sunlight on a Broken Column
2013,25,Sunlight on a Broken Column
2016,25,Sunlight on a Broken Column
2018,25,Sunlight on a Broken Column
2022,25,Sunlight on a Broken Column
2023,25,Sunlight on a Broken Column
2024,25,Sunlight on a Broken Column
2025,37,Pinjar
2027,37,Pinjar
2032,37,Pinjar
2035,25,Sunlight on a Broken Column
2036,25,Sunlight on a Broken Column
2040,25,Sunlight on a Broken Column
2041,25,Sunlight on a Broken Column
2044,25,Sunlight on a Broken Column
2046,25,Sunlight on a Broken Column
2050,37,Pinjar
2056,25,Sunlight on a Broken Column
2057,37,Pinjar
2058,25,Sunlight on a Broken Column
2059,25,Sunlight on a Broken Column
2060,37,Pinjar
2062,37,Pinjar
2173,25,Sunlight on a Broken Column
2177,25,Sunlight on a Broken Column
2178,25,Sunlight on a Broken Column
2179,25,Sunlight on a Broken Column
2197,28,Train to Pakistan
2203,28,Train to Pakistan
2208,28,Train to Pakistan
2210,25,Sunlight on a Broken Column
2211,28,Train to Pakistan
2212,25,Sunlight on a Broken Column
2219,25,Sunlight on a Broken Column
2220,25,Sunlight on a Broken Column
2222,25,Sunlight on a Broken Column
2225,25,Sunlight on a Broken Column
2226,25,Sunlight on a Broken Column
2227,25,Sunlight on a Broken Column
2228,25,Sunlight on a Broken Column
2229,25,Sunlight on a Broken Column
2230,25,Sunlight on a Broken Column
2231,28,Train to Pakistan
2233,28,Train to Pakistan
2235,25,Sunlight on a Broken Column
2236,28,Train to Pakistan
2237,25,Sunlight on a Broken Column
2238,25,Sunlight on a Broken Column
2239,25,Sunlight on a Broken Column
2240,25,Sunlight on a Broken Column
2242,25,Sunlight on a Broken Column
2245,25,Sunlight on a Broken Column
2246,25,Sunlight on a Broken Column
2247,25,Sunlight on a Broken Column
2249,28,Train to Pakistan
2255,25,Sunlight on a Broken Column
2256,28,Train to Pakistan
2258,28,Train to Pakistan
2259,25,Sunlight on a Broken Column
2261,28,Train to Pakistan
2263,25,Sunlight on a Broken Column
2264,28,Train to Pakistan
2269,25,Sunlight on a Broken Column
2270,25,Sunlight on a Broken Column
2271,25,Sunlight on a Broken Column
2272,28,Train to Pakistan
2274,25,Sunlight on a Broken Column
2275,28,Train to Pakistan
2276,25,Sunlight on a Broken Column
2277,25,Sunlight on a Broken Column
2278,28,Train to Pakistan
2284,25,Sunlight on a Broken Column
2285,25,Sunlight on a Broken Column
2290,25,Sunlight on a Broken Column
2292,25,Sunlight on a Broken Column
2294,25,Sunlight on a Broken Column
2296,25,Sunlight on a Broken Column
2297,25,Sunlight on a Broken Column
2298,25,Sunlight on a Broken Column
2301,25,Sunlight on a Broken Column
2304,25,Sunlight on a Broken Column
2307,25,Sunlight on a Broken Column
2308,28,Train to Pakistan
2311,25,Sunlight on a Broken Column
2312,25,Sunlight on a Broken Column
2314,25,Sunlight on a Broken Column
2315,25,Sunlight on a Broken Column
2318,25,Sunlight on a Broken Column
2319,25,Sunlight on a Broken Column
2321,25,Sunlight on a Broken Column
2322,25,Sunlight on a Broken Column
2323,25,Sunlight on a Broken Column
2324,25,Sunlight on a Broken Column
2325,25,Sunlight on a Broken Column
2326,25,Sunlight on a Broken Column
2327,25,Sunlight on a Broken Column
2328,25,Sunlight on a Broken Column
2329,25,Sunlight on a Broken Column
2331,25,Sunlight on a Broken Column
2332,25,Sunlight on a Broken Column
2333,25,Sunlight on a Broken Column
2334,25,Sunlight on a Broken Column
2335,25,Sunlight on a Broken Column
2336,28,Train to Pakistan
2337,25,Sunlight on a Broken Column
2339,25,Sunlight on a Broken Column
2340,25,Sunlight on a Broken Column
2341,28,Train to Pakistan
2343,25,Sunlight on a Broken Column
2344,28,Train to Pakistan
2345,25,Sunlight on a Broken Column
2347,25,Sunlight on a Broken Column
2348,28,Train to Pakistan
2349,25,Sunlight on a Broken Column
2350,25,Sunlight on a Broken Column
2351,25,Sunlight on a Broken Column
2352,28,Train to Pakistan
2354,25,Sunlight on a Broken Column
2356,25,Sunlight on a Broken Column
2360,25,Sunlight on a Broken Column
2362,25,Sunlight on a Broken Column
2364,25,Sunlight on a Broken Column
2366,25,Sunlight on a Broken Column
2367,25,Sunlight on a Broken Column
2368,25,Sunlight on a Broken Column
2370,25,Sunlight on a Broken Column
2371,25,Sunlight on a Broken Column
2373,25,Sunlight on a Broken Column
2375,28,Train to Pakistan
2377,25,Sunlight on a Broken Column
2386,28,Train to Pakistan
2390,28,Train to Pakistan
2392,25,Sunlight on a Broken Column
2421,34,Tamas
2424,34,Tamas
2427,34,Tamas
2433,34,Tamas
2444,34,Tamas
2445,34,Tamas
2446,34,Tamas
2452,34,Tamas
2454,34,Tamas
2457,34,Tamas
2460,34,Tamas
2463,34,Tamas
2464,34,Tamas
2466,34,Tamas
2468,34,Tamas
2470,34,Tamas
2471,34,Tamas
2474,34,Tamas
2475,34,Tamas
2478,34,Tamas
2480,34,Tamas
2484,34,Tamas
2489,34,Tamas
2490,34,Tamas
2493,34,Tamas
2496,34,Tamas
2498,34,Tamas
2500,34,Tamas
2501,34,Tamas
2503,34,Tamas
2505,34,Tamas
2511,34,Tamas
2515,34,Tamas
2518,34,Tamas
2521,34,Tamas
2524,34,Tamas
2525,34,Tamas
2526,34,Tamas
2528,28,Train to Pakistan
2529,28,Train to Pakistan
2530,28,Train to Pakistan
2531,28,Train to Pakistan
2532,28,Train to Pakistan
2533,34,Tamas
2535,28,Train to Pakistan
2537,28,Train to Pakistan
2542,28,Train to Pakistan
2543,34,Tamas
2545,25,Sunlight on a Broken Column
2546,34,Tamas
2548,34,Tamas
2550,34,Tamas
2551,25,Sunlight on a Broken Column
2555,34,Tamas
2560,34,Tamas
2561,34,Tamas
2562,34,Tamas
2570,25,Sunlight on a Broken Column
2575,34,Tamas
2578,25,Sunlight on a Broken Column
2579,34,Tamas
2582,34,Tamas
2583,34,Tamas
2585,34,Tamas
2588,34,Tamas
2593,34,Tamas
2596,34,Tamas
2600,25,Sunlight on a Broken Column
2601,34,Tamas
2602,25,Sunlight on a Broken Column
2606,34,Tamas
2610,34,Tamas
2611,34,Tamas
2615,34,Tamas
2617,34,Tamas
2619,34,Tamas
2621,34,Tamas
2623,34,Tamas
2626,34,Tamas
2629,34,Tamas
2636,34,Tamas
2639,34,Tamas
2640,34,Tamas
2641,34,Tamas
2646,34,Tamas
2648,34,Tamas
2651,34,Tamas
2652,34,Tamas
2658,34,Tamas
2662,34,Tamas
2663,34,Tamas
2669,34,Tamas
2671,34,Tamas
2673,34,Tamas
2678,34,Tamas
2685,34,Tamas
2688,28,Train to Pakistan
2689,28,Train to Pakistan
2691,28,Train to Pakistan
2692,28,Train to Pakistan
2693,28,Train to Pakistan
2694,28,Train to Pakistan
2696,28,Train to Pakistan
2697,28,Train to Pakistan
2698,28,Train to Pakistan
2699,28,Train to Pakistan
2700,28,Train to Pakistan
2701,28,Train to Pakistan
2703,28,Train to Pakistan
2705,28,Train to Pakistan
2706,28,Train to Pakistan
2707,28,Train to Pakistan
2709,28,Train to Pakistan
2710,28,Train to Pakistan
2711,34,Tamas
2712,28,Train to Pakistan
2713,28,Train to Pakistan
2714,34,Tamas
2715,28,Train to Pakistan
2716,34,Tamas
2717,34,Tamas
2718,34,Tamas
2721,34,Tamas
2725,34,Tamas
2726,34,Tamas
2729,34,Tamas
2733,34,Tamas
2735,34,Tamas
2736,34,Tamas
2739,34,Tamas
2744,34,Tamas
2749,34,Tamas
2750,34,Tamas
2755,34,Tamas
2758,34,Tamas
2761,34,Tamas
2763,34,Tamas
2768,34,Tamas
2769,34,Tamas
2771,34,Tamas
2772,34,Tamas
2773,34,Tamas
2777,34,Tamas
2778,25,Sunlight on a Broken Column
2780,25,Sunlight on a Broken Column
2781,34,Tamas
2782,25,Sunlight on a Broken Column
2783,25,Sunlight on a Broken Column
2784,34,Tamas
2785,25,Sunlight on a Broken Column
2786,34,Tamas
2787,34,Tamas
2809,34,Tamas
2810,34,Tamas
2811,34,Tamas
2812,34,Tamas
2813,34,Tamas
2814,34,Tamas
2815,37,Pinjar
2816,37,Pinjar
2817,37,Pinjar
2818,37,Pinjar
2819,37,Pinjar
2820,37,Pinjar
2822,37,Pinjar
2823,37,Pinjar
2825,37,Pinjar
2826,37,Pinjar
2827,37,Pinjar
2830,37,Pinjar
2831,37,Pinjar
2832,37,Pinjar
2836,37,Pinjar
2837,37,Pinjar
2844,25,Sunlight on a Broken Column
2856,25,Sunlight on a Broken Column
2862,25,Sunlight on a Broken Column
2882,37,Pinjar
2883,37,Pinjar
2884,37,Pinjar
2886,37,Pinjar
2888,37,Pinjar
2889,37,Pinjar
2890,37,Pinjar
2892,37,Pinjar
2893,37,Pinjar
2895,37,Pinjar
2896,37,Pinjar
2897,37,Pinjar
2898,37,Pinjar
2899,37,Pinjar
2900,37,Pinjar
2901,37,Pinjar
2902,37,Pinjar
2903,37,Pinjar
2904,37,Pinjar
2905,37,Pinjar
2906,37,Pinjar
2907,37,Pinjar
2908,37,Pinjar
2909,37,Pinjar
2914,37,Pinjar
2915,37,Pinjar
2916,37,Pinjar
2917,37,Pinjar
2918,37,Pinjar
2922,25,Sunlight on a Broken Column
2923,25,Sunlight on a Broken Column
2924,25,Sunlight on a Broken Column
2925,25,Sunlight on a Broken Column
2926,25,Sunlight on a Broken Column
2931,25,Sunlight on a Broken Column
2936,25,Sunlight on a Broken Column
2938,25,Sunlight on a Broken Column
2947,25,Sunlight on a Broken Column
2948,25,Sunlight on a Broken Column
2949,25,Sunlight on a Broken Column
2951,25,Sunlight on a Broken Column
2954,25,Sunlight on a Broken Column
2955,25,Sunlight on a Broken Column
2956,25,Sunlight on a Broken Column
2957,37,Pinjar
2958,37,Pinjar
2959,37,Pinjar
2960,37,Pinjar
2965,37,Pinjar
2966,37,Pinjar
2967,37,Pinjar
2968,37,Pinjar
2979,25,Sunlight on a Broken Column
2980,25,Sunlight on a Broken Column
2981,25,Sunlight on a Broken Column
2982,25,Sunlight on a Broken Column
2983,25,Sunlight on a Broken Column
2984,25,Sunlight on a Broken Column
2985,25,Sunlight on a Broken Column
2986,25,Sunlight on a Broken Column
2987,25,Sunlight on a Broken Column
2988,25,Sunlight on a Broken Column
2997,37,Pinjar
2998,37,Pinjar
2999,37,Pinjar
3000,37,Pinjar
3001,37,Pinjar
3002,37,Pinjar
3003,37,Pinjar
3004,37,Pinjar
3005,37,Pinjar
3006,37,Pinjar
3007,37,Pinjar
3008,37,Pinjar
3009,37,Pinjar
3010,37,Pinjar
3021,28,Train to Pakistan
3026,28,Train to Pakistan
3027,28,Train to Pakistan
3028,28,Train to Pakistan
3029,28,Train to Pakistan
3030,28,Train to Pakistan
3046,37,Pinjar
3092,37,Pinjar
3093,37,Pinjar
3094,37,Pinjar
3095,37,Pinjar
3096,37,Pinjar
3171,3170,A New Taj Mahal
3276,3205,Colder Than Ice
3314,3205,Colder Than Ice
3336,3205,Colder Than Ice
3352,3205,Colder Than Ice
3365,3205,Colder Than Ice
3422,3238,The Assignment
3428,3238,The Assignment
3429,3238,The Assignment
3430,3238,The Assignment
3433,3238,The Assignment
3435,3238,The Assignment
3436,3238,The Assignment
3437,3238,The Assignment
3439,3238,The Assignment
3441,3238,The Assignment
3446,3238,The Assignment
3456,3238,The Assignment
3461,3238,The Assignment
3480,3292,The Dog of Titwal
3481,3292,The Dog of Titwal
3482,3292,The Dog of Titwal
3483,3292,The Dog of Titwal
3484,3292,The Dog of Titwal
3487,3292,The Dog of Titwal
3490,3292,The Dog of Titwal
3491,3292,The Dog of Titwal
3493,3292,The Dog of Titwal
3494,3292,The Dog of Titwal
3496,3292,The Dog of Titwal
3497,3292,The Dog of Titwal
3499,3292,The Dog of Titwal
3501,3292,The Dog of Titwal
3502,3292,The Dog of Titwal
3505,3292,The Dog of Titwal
3506,3292,The Dog of Titwal
3509,3292,The Dog of Titwal
3511,3292,The Dog of Titwal
3514,3206,Savage Harvest
3515,3292,The Dog of Titwal
3516,3292,The Dog of Titwal
3522,3206,Savage Harvest
3526,3206,Savage Harvest
3527,3206,Savage Harvest
3529,3206,Savage Harvest
3533,3206,Savage Harvest
3534,3206,Savage Harvest
3535,3206,Savage Harvest
3537,3206,Savage Harvest
3539,3206,Savage Harvest
3540,3206,Savage Harvest
3544,3206,Savage Harvest
3545,3206,Savage Harvest
3546,3206,Savage Harvest
3547,3206,Savage Harvest
3561,3421,The Price of Freedom
3563,3421,The Price of Freedom
3565,3421,The Price of Freedom
3566,3421,The Price of Freedom
3568,3421,The Price of Freedom
3571,3421,The Price of Freedom
3572,3421,The Price of Freedom
3580,3212,Toba Tek Singh
3604,3212,Toba Tek Singh
3609,3212,Toba Tek Singh
3629,3212,Toba Tek Singh
3634,3584,Gul Mohammad Third-Timer
3635,3584,Gul Mohammad Third-Timer
3636,3584,Gul Mohammad Third-Timer
3638,3584,Gul Mohammad Third-Timer
3639,3584,Gul Mohammad Third-Timer
3642,3584,Gul Mohammad Third-Timer
3644,3584,Gul Mohammad Third-Timer
3645,3584,Gul Mohammad Third-Timer
3646,3584,Gul Mohammad Third-Timer
3647,3212,Toba Tek Singh
3648,3584,Gul Mohammad Third-Timer
3649,3584,Gul Mohammad Third-Timer
3654,3584,Gul Mohammad Third-Timer
3655,3584,Gul Mohammad Third-Timer
3656,3584,Gul Mohammad Third-Timer
3659,3584,Gul Mohammad Third-Timer
3660,3584,Gul Mohammad Third-Timer
3661,3584,Gul Mohammad Third-Timer
3667,3584,Gul Mohammad Third-Timer
3677,3212,Toba Tek Singh
3680,3212,Toba Tek Singh
3683,3212,Toba Tek Singh
3686,3212,Toba Tek Singh
3689,3212,Toba Tek Singh
3690,3212,Toba Tek Singh
3696,3212,Toba Tek Singh
3699,3212,Toba Tek Singh
3703,3212,Toba Tek Singh
3717,3716,The Last Salute
3728,3574,Mozail
3754,3384,The Dutiful Daughter
3756,3384,The Dutiful Daughter
3757,3384,The Dutiful Daughter
3758,3384,The Dutiful Daughter
3761,3574,Mozail
3762,3384,The Dutiful Daughter
3763,3384,The Dutiful Daughter
3766,3574,Mozail
3772,3574,Mozail
3776,3574,Mozail
3777,3574,Mozail
3778,3574,Mozail
3779,3574,Mozail
3780,3574,Mozail
3781,3574,Mozail
3782,3574,Mozail
3783,3574,Mozail
3784,3574,Mozail
3785,3574,Mozail
3786,3574,Mozail
3788,3574,Mozail
3789,3574,Mozail
3790,3574,Mozail
3791,3574,Mozail
3792,3574,Mozail
3793,3574,Mozail
3794,3574,Mozail
3795,3574,Mozail
3796,3574,Mozail
3798,3574,Mozail
3799,3574,Mozail
3801,3574,Mozail
3802,3574,Mozail
3806,3574,Mozail
3808,3574,Mozail
3811,3574,Mozail
3816,3212,Toba Tek Singh
3817,3212,Toba Tek Singh
3818,3212,Toba Tek Singh
3819,3212,Toba Tek Singh
3822,3212,Toba Tek Singh
3825,3212,Toba Tek Singh
3828,3716,The Last Salute
3873,3180,The Woman in the Red Raincoat
3878,3231,The Return
3879,3231,The Return
3881,3231,The Return
3883,3231,The Return
3884,3180,The Woman in the Red Raincoat
3887,3231,The Return
3888,3180,The Woman in the Red Raincoat
3891,3180,The Woman in the Red Raincoat
3892,3180,The Woman in the Red Raincoat
3893,3180,The Woman in the Red Raincoat
3894,3180,The Woman in the Red Raincoat
3895,3180,The Woman in the Red Raincoat
3897,3231,The Return
3898,3180,The Woman in the Red Raincoat
3899,3180,The Woman in the Red Raincoat
3912,3231,The Return
3916,3231,The Return
3957,3938,The Crimson Tonga
3976,3966,Proper Use
3986,3979,Sweet Moment
3987,3979,Sweet Moment
3988,3979,Sweet Moment
3995,3990,FOR NECESSARY ACTION
4000,3990,FOR NECESSARY ACTION
4001,3990,FOR NECESSARY ACTION
4017,4002,The Butcher
4019,4002,The Butcher
4026,4002,The Butcher
4027,4002,The Butcher
4028,4002,The Butcher
4030,4002,The Butcher
4031,4002,The Butcher
4032,4002,The Butcher
4039,4002,The Butcher
4040,4002,The Butcher
4071,3990,FOR NECESSARY ACTION
4072,3990,FOR NECESSARY ACTION
4073,3990,FOR NECESSARY ACTION
4074,3990,FOR NECESSARY ACTION
4075,3990,FOR NECESSARY ACTION
4076,3990,FOR NECESSARY ACTION
4125,3979,Sweet Moment
4129,3979,Sweet Moment
4132,3979,Sweet Moment
4138,4080,A Tale of 1947
4139,4080,A Tale of 1947
4140,4080,A Tale of 1947
4143,4080,A Tale of 1947
4144,4080,A Tale of 1947
4147,4080,A Tale of 1947
4149,4080,A Tale of 1947
4152,4080,A Tale of 1947
4155,4080,A Tale of 1947
4160,4080,A Tale of 1947
4163,4080,A Tale of 1947
4164,4080,A Tale of 1947
4166,4080,A Tale of 1947
4171,4048,Sympathy
4174,4048,Sympathy
4178,4048,Sympathy
4180,4048,Sympathy
4181,4048,Sympathy
4182,4048,Sympathy
4183,4048,Sympathy
4184,4048,Sympathy
4185,4048,Sympathy
4186,4048,Sympathy
4187,4048,Sympathy
4188,4048,Sympathy
4189,4048,Sympathy
4190,4048,Sympathy
4191,4048,Sympathy
4196,4048,Sympathy
4197,4048,Sympathy
4200,4048,Sympathy
4201,4048,Sympathy
4202,4048,Sympathy
4203,4048,Sympathy
4349,3281,Jathedar Mukand Singh
4352,3281,Jathedar Mukand Singh
4353,3281,Jathedar Mukand Singh
4357,3281,Jathedar Mukand Singh
4359,3281,Jathedar Mukand Singh
4361,3281,Jathedar Mukand Singh
4428,3281,Jathedar Mukand Singh
4429,3281,Jathedar Mukand Singh
4430,3281,Jathedar Mukand Singh
4431,3281,Jathedar Mukand Singh
4432,3281,Jathedar Mukand Singh
4433,3281,Jathedar Mukand Singh
4434,3281,Jathedar Mukand Singh
4435,3281,Jathedar Mukand Singh
4439,4381,Sikhism
4440,4381,Sikhism
4442,4381,Sikhism
4444,4381,Sikhism
4446,4381,Sikhism
4450,4381,Sikhism
4455,4443,Cooperation
4456,4381,Sikhism
4457,4443,Cooperation
4458,4443,Cooperation
4459,4381,Sikhism
4460,4443,Cooperation
4461,4381,Sikhism
4462,4443,Cooperation
4463,4381,Sikhism
4464,4443,Cooperation
4465,4443,Cooperation
4466,4381,Sikhism
4467,4443,Cooperation
4470,4381,Sikhism
4476,4469,Division
4477,4469,Division
4478,4381,Sikhism
4479,4469,Division
4480,4469,Division
4481,4469,Division
4482,4469,Division
4502,4042,Ek Onkar Satnam - 1935
4503,4042,Ek Onkar Satnam - 1935
4508,4042,Ek Onkar Satnam - 1935
4509,4042,Ek Onkar Satnam - 1935
4510,4042,Ek Onkar Satnam - 1935
4511,4042,Ek Onkar Satnam - 1935
4512,4042,Ek Onkar Satnam - 1935
4513,4042,Ek Onkar Satnam - 1935
4514,4042,Ek Onkar Satnam - 1935
4517,4042,Ek Onkar Satnam - 1935
4518,4042,Ek Onkar Satnam - 1935
4519,4042,Ek Onkar Satnam - 1935
4520,4042,Ek Onkar Satnam - 1935
4521,4042,Ek Onkar Satnam - 1935
4522,4042,Ek Onkar Satnam - 1935
4540,4204,Jinnah Sahib
4541,4204,Jinnah Sahib
4542,4204,Jinnah Sahib
4543,4204,Jinnah Sahib
4544,4204,Jinnah Sahib
4547,4204,Jinnah Sahib
4550,4204,Jinnah Sahib
4551,4204,Jinnah Sahib
4552,4204,Jinnah Sahib
4554,4204,Jinnah Sahib
4556,4204,Jinnah Sahib
4557,4204,Jinnah Sahib
4558,4204,Jinnah Sahib
4559,4204,Jinnah Sahib
4560,4204,Jinnah Sahib
4561,4204,Jinnah Sahib
4562,4204,Jinnah Sahib
4563,4204,Jinnah Sahib
4564,4204,Jinnah Sahib
4565,4204,Jinnah Sahib
4566,4204,Jinnah Sahib
4567,4204,Jinnah Sahib
4568,4204,Jinnah Sahib
4569,4204,Jinnah Sahib
4571,4204,Jinnah Sahib
4572,4204,Jinnah Sahib
4589,4042,Ek Onkar Satnam - 1935
4590,4042,Ek Onkar Satnam - 1935
4595,4042,Ek Onkar Satnam - 1935
4596,4042,Ek Onkar Satnam - 1935
4598,4042,Ek Onkar Satnam - 1935
4599,4042,Ek Onkar Satnam - 1935
4604,4042,Ek Onkar Satnam - 1935
4605,4042,Ek Onkar Satnam - 1935
4606,4042,Ek Onkar Satnam - 1935
4608,4042,Ek Onkar Satnam - 1935
4609,4042,Ek Onkar Satnam - 1935
4610,4042,Ek Onkar Satnam - 1935
4613,4042,Ek Onkar Satnam - 1935
4615,4042,Ek Onkar Satnam - 1935
4617,4042,Ek Onkar Satnam - 1935
4618,4042,Ek Onkar Satnam - 1935
